{"cameraMode":{"drawMode":0,"name":"Shaded","section":"Shading Mode"},"sceneLighting":true,"audioPlay":false,"sceneViewState":{"m_AlwaysRefresh":false,"showFog":true,"showSkybox":true,"showFlares":true,"showImageEffects":true,"showParticleSystems":true,"showVisualEffectGraphs":true,"m_FxEnabled":true},"in2DMode":false,"pivot":{"x":-1.1294629573822022,"y":1.933106541633606,"z":4.455574035644531},"rotation":{"x":0.1091732457280159,"y":-0.0872342512011528,"z":0.009561797603964806,"w":0.9901807308197022},"size":2.8100762367248537,"orthographic":false}