{"cameraMode":{"drawMode":0,"name":"Shaded","section":"Shading Mode"},"sceneLighting":true,"audioPlay":false,"sceneViewState":{"m_AlwaysRefresh":false,"showFog":true,"showSkybox":true,"showFlares":true,"showImageEffects":true,"showParticleSystems":true,"showVisualEffectGraphs":true,"m_FxEnabled":true},"in2DMode":false,"pivot":{"x":-0.06576483696699143,"y":0.40195798873901369,"z":1.3489423990249634},"rotation":{"x":-0.09525318443775177,"y":-0.0038918391801416876,"z":0.00037263109697960317,"w":-0.9954438209533691},"size":0.7100762724876404,"orthographic":false}