{"cameraMode":{"drawMode":0,"name":"Shaded","section":"Shading Mode"},"sceneLighting":true,"audioPlay":false,"sceneViewState":{"m_AlwaysRefresh":false,"showFog":true,"showSkybox":true,"showFlares":true,"showImageEffects":true,"showParticleSystems":true,"showVisualEffectGraphs":true,"m_FxEnabled":true},"in2DMode":false,"pivot":{"x":-4.687221050262451,"y":0.4485218822956085,"z":-28.3084774017334},"rotation":{"x":-0.002575815189629793,"y":0.9951683282852173,"z":-0.027184268459677697,"w":-0.09433981776237488},"size":12.12435531616211,"orthographic":false}