{"cameraMode":{"drawMode":0,"name":"Shaded","section":"Shading Mode"},"sceneLighting":true,"audioPlay":false,"sceneViewState":{"m_AlwaysRefresh":false,"showFog":true,"showSkybox":true,"showFlares":true,"showImageEffects":true,"showParticleSystems":true,"showVisualEffectGraphs":true,"m_FxEnabled":true},"in2DMode":false,"pivot":{"x":-1.078372836112976,"y":0.9331930875778198,"z":4.081429958343506},"rotation":{"x":0.06657243520021439,"y":-0.18567200005054475,"z":0.012623472139239312,"w":0.9802942276000977},"size":2.8100762367248537,"orthographic":false}