{"cameraMode":{"drawMode":0,"name":"Shaded","section":"Shading Mode"},"sceneLighting":true,"audioPlay":false,"sceneViewState":{"m_AlwaysRefresh":false,"showFog":true,"showSkybox":true,"showFlares":true,"showImageEffects":true,"showParticleSystems":true,"showVisualEffectGraphs":true,"m_FxEnabled":true},"in2DMode":false,"pivot":{"x":-5.583360195159912,"y":2.5142204761505129,"z":11.55734920501709},"rotation":{"x":0.00595103157684207,"y":0.9887595772743225,"z":-0.04095602035522461,"w":0.14367251098155976},"size":1.310076355934143,"orthographic":false}