{"cameraMode":{"drawMode":0,"name":"Shaded","section":"Shading Mode"},"sceneLighting":true,"audioPlay":false,"sceneViewState":{"m_AlwaysRefresh":false,"showFog":true,"showSkybox":true,"showFlares":true,"showImageEffects":true,"showParticleSystems":true,"showVisualEffectGraphs":true,"m_FxEnabled":true},"in2DMode":false,"pivot":{"x":-0.5998050570487976,"y":2.5031750202178957,"z":-1.8070051670074463},"rotation":{"x":0.0021406852174550297,"y":0.9963533878326416,"z":-0.02630859799683094,"w":0.08117780834436417},"size":4.781187534332275,"orthographic":false}