{"cameraMode":{"drawMode":0,"name":"Shaded","section":"Shading Mode"},"sceneLighting":true,"audioPlay":false,"sceneViewState":{"m_AlwaysRefresh":false,"showFog":true,"showSkybox":true,"showFlares":true,"showImageEffects":true,"showParticleSystems":true,"showVisualEffectGraphs":true,"m_FxEnabled":true},"in2DMode":false,"pivot":{"x":-4.043549060821533,"y":-4.1564130783081059,"z":-18.633525848388673},"rotation":{"x":-0.012390303425490857,"y":0.9875192046165466,"z":-0.11757190525531769,"w":-0.10407187789678574},"size":12.12435531616211,"orthographic":false}