{"cameraMode":{"drawMode":0,"name":"Shaded","section":"Shading Mode"},"sceneLighting":true,"audioPlay":false,"sceneViewState":{"m_AlwaysRefresh":false,"showFog":true,"showSkybox":true,"showFlares":true,"showImageEffects":true,"showParticleSystems":true,"showVisualEffectGraphs":true,"m_FxEnabled":true},"in2DMode":false,"pivot":{"x":-2.4227495193481447,"y":0.1674220860004425,"z":3.4692461490631105},"rotation":{"x":-0.14393579959869386,"y":0.5210638642311096,"z":-0.08965703845024109,"w":-0.8365060091018677},"size":4.781187534332275,"orthographic":false}