{"cameraMode":{"drawMode":0,"name":"Shaded","section":"Shading Mode"},"sceneLighting":false,"audioPlay":false,"sceneViewState":{"m_AlwaysRefresh":false,"showFog":true,"showSkybox":false,"showFlares":true,"showImageEffects":true,"showParticleSystems":true,"showVisualEffectGraphs":true,"m_FxEnabled":true},"in2DMode":false,"pivot":{"x":0.27649879455566409,"y":-0.14523521065711976,"z":0.8591851592063904},"rotation":{"x":-0.0006123484345152974,"y":-0.9743568301200867,"z":-0.002620871877297759,"w":0.2251715511083603},"size":0.03827643394470215,"orthographic":false}