{"cameraMode":{"drawMode":0,"name":"Shaded","section":"Shading Mode"},"sceneLighting":false,"audioPlay":false,"sceneViewState":{"m_AlwaysRefresh":false,"showFog":true,"showSkybox":false,"showFlares":true,"showImageEffects":true,"showParticleSystems":true,"showVisualEffectGraphs":true,"m_FxEnabled":true},"in2DMode":false,"pivot":{"x":-0.5753882527351379,"y":-0.2881634831428528,"z":0.47421130537986758},"rotation":{"x":0.17862533032894135,"y":-0.38355204463005068,"z":0.0758858248591423,"w":0.9029396772384644},"size":0.5617235898971558,"orthographic":false}