{"cameraMode":{"drawMode":0,"name":"Shaded","section":"Shading Mode"},"sceneLighting":false,"audioPlay":false,"sceneViewState":{"m_AlwaysRefresh":false,"showFog":true,"showSkybox":false,"showFlares":true,"showImageEffects":true,"showParticleSystems":true,"showVisualEffectGraphs":true,"m_FxEnabled":true},"in2DMode":false,"pivot":{"x":0.2044031023979187,"y":0.5439628958702087,"z":-0.7950361371040344},"rotation":{"x":-0.03874463215470314,"y":0.9393804669380188,"z":0.32143858075141909,"w":0.1132555827498436},"size":0.829156219959259,"orthographic":false}