{"cameraMode":{"drawMode":0,"name":"Shaded","section":"Shading Mode"},"sceneLighting":false,"audioPlay":false,"sceneViewState":{"m_AlwaysRefresh":false,"showFog":true,"showSkybox":false,"showFlares":true,"showImageEffects":true,"showParticleSystems":true,"showVisualEffectGraphs":true,"m_FxEnabled":true},"in2DMode":false,"pivot":{"x":-0.4198070168495178,"y":-0.006453711539506912,"z":1.0678932666778565},"rotation":{"x":0.00030167607474140823,"y":-0.21987827122211457,"z":0.00006789867620682344,"w":0.9755314588546753},"size":0.5049490332603455,"orthographic":false}