{"cameraMode":{"drawMode":0,"name":"Shaded","section":"Shading Mode"},"sceneLighting":false,"audioPlay":false,"sceneViewState":{"m_AlwaysRefresh":false,"showFog":true,"showSkybox":false,"showFlares":true,"showImageEffects":true,"showParticleSystems":true,"showVisualEffectGraphs":true,"m_FxEnabled":true},"in2DMode":false,"pivot":{"x":1.667144775390625,"y":-0.7609272003173828,"z":-25.19556427001953},"rotation":{"x":0.06530538201332092,"y":0.03741104528307915,"z":-0.002450152998790145,"w":0.9971609115600586},"size":18.770503997802736,"orthographic":false}